{
    "timesminmax1": 1.5342880699990928,
    "timesminmax2": 1.503302717999759,
    "timesminmax3": 1.508334444999491,
    "timesminmaxab1": 1.6204202730004909,
    "timesminmaxab2": 1.597071230000438,
    "timesminmaxab3": 1.5870228050007427
}