{
    "timesminmax1": 0.6453463839998221,
    "timesminmax2": 0.6616937959997813,
    "timesminmax3": 0.6989875680001205,
    "timesminmaxab1": 0.679877392999515,
    "timesminmaxab2": 0.6016525690001799,
    "timesminmaxab3": 0.6126751339998009
}